{"origin": [-122.08395385742188, 37.428924560546875], "coords": [[-122.08380126953125, 37.429893493652344], [-122.08260345458984, 37.4298095703125], [-122.08265686035156, 37.428924560546875], [-122.08395385742188, 37.42900848388672], [-122.08380126953125, 37.429893493652344]], "id": "m1", "height": 4.0}