{"origin": [-122.08395385742188, 37.428924560546875], "resolution_y": 2, "resolution_x": 2, "max_x": 59.62045219597546, "max_y": 53.87022279306319}