{"origin": [-122.08414459228516, 37.42876052856445], "coords": [[-122.08384704589844, 37.429901123046875], [-122.0829086303711, 37.429847717285156], [-122.08257293701172, 37.42877960205078], [-122.08382415771484, 37.42876052856445], [-122.08414459228516, 37.42938232421875], [-122.08384704589844, 37.429901123046875]], "id": "m2", "height": 3.0}