{"origin": [-122.08414459228516, 37.42876052856445], "resolution_y": 2, "resolution_x": 2, "max_x": 69.38932823524488, "max_y": 63.41415990205096}