{"origin": [-122.08380889892578, 37.42898178100586], "coords": [[-122.08380889892578, 37.429935455322266], [-122.08283996582031, 37.429832458496094], [-122.08341979980469, 37.42898178100586], [-122.08380889892578, 37.429935455322266]], "id": "m541", "height": 541.0}