{"1": {"lngs": [-122.08340454101562, -122.08340454101562, -122.08340454101562, -122.08340454101562, -122.08340454101562, -122.08340454101562, -122.08340454101562, -122.08340454101562, -122.08340454101562, -122.08340454101562, -122.08340454101562, -122.08340454101562, -122.08340454101562, -122.08340454101562, -122.08340454101562, -122.08340454101562, -122.08340454101562, -122.08340454101562, -122.08340454101562, -122.08340454101562, -122.08340454101562, -122.08340454101562, -122.08340454101562, -122.08340454101562, -122.08340454101562, -122.08340454101562, -122.08340454101562, -122.08340454101562, -122.08340454101562, -122.0833969116211, -122.08338928222656, -122.08338165283203, -122.08338165283203, -122.0833740234375, -122.08336639404297, -122.08335876464844, -122.08335876464844, -122.0833511352539, -122.08334350585938, -122.08333587646484, -122.08332824707031, -122.08332824707031, -122.08332061767578, -122.08331298828125, -122.08330535888672, -122.08329772949219, -122.08329010009766, -122.08329010009766, -122.08328247070312, -122.0832748413086, -122.08326721191406, -122.08326721191406, -122.08325958251953, -122.083251953125, -122.08324432373047, -122.08323669433594, -122.08323669433594, -122.0832290649414, -122.0832290649414, -122.08323669433594, -122.08323669433594, -122.08323669433594, -122.08323669433594, -122.08323669433594, -122.08323669433594, -122.08323669433594, -122.08323669433594, -122.08324432373047, -122.08324432373047, -122.08324432373047, -122.08324432373047, -122.08324432373047, -122.08324432373047, -122.08324432373047, -122.08324432373047, -122.08324432373047, -122.08324432373047, -122.08324432373047, -122.08324432373047, -122.083251953125, -122.083251953125, -122.083251953125, -122.083251953125, -122.083251953125, -122.083251953125, -122.08325958251953, -122.08326721191406, -122.0832748413086, -122.0832748413086, -122.08328247070312, -122.08329010009766, -122.08329772949219, -122.08330535888672, -122.08330535888672, -122.08331298828125, -122.08332061767578, -122.08332824707031, -122.08333587646484, -122.08333587646484, -122.08334350585938, -122.0833511352539, -122.08335876464844, -122.08336639404297, -122.0833740234375, -122.0833740234375, -122.08338165283203, -122.08338928222656, -122.0833969116211, -122.08340454101562, -122.08341217041016, -122.08341217041016], "lats": [37.42932891845703, 37.4293327331543, 37.42934036254883, 37.429344177246094, 37.42934799194336, 37.42935562133789, 37.429359436035156, 37.42936325073242, 37.42936706542969, 37.42937469482422, 37.429378509521484, 37.42938232421875, 37.42938995361328, 37.42939376831055, 37.42939758300781, 37.42940139770508, 37.42940902709961, 37.429412841796875, 37.42941665649414, 37.42942428588867, 37.42942810058594, 37.4294319152832, 37.429439544677734, 37.429443359375, 37.429447174072266, 37.4294548034668, 37.42945861816406, 37.42946243286133, 37.429466247558594, 37.429466247558594, 37.429466247558594, 37.429466247558594, 37.42946243286133, 37.42946243286133, 37.42946243286133, 37.42946243286133, 37.42946243286133, 37.42945861816406, 37.42945861816406, 37.42945861816406, 37.42945861816406, 37.42945861816406, 37.42945861816406, 37.42945861816406, 37.42945861816406, 37.42945861816406, 37.4294548034668, 37.4294548034668, 37.4294548034668, 37.4294548034668, 37.4294548034668, 37.4294548034668, 37.4294548034668, 37.4294548034668, 37.4294548034668, 37.42945098876953, 37.42945098876953, 37.429447174072266, 37.429443359375, 37.42943572998047, 37.4294319152832, 37.42942810058594, 37.42942428588867, 37.42941665649414, 37.429412841796875, 37.42940902709961, 37.429405212402344, 37.42939758300781, 37.42939376831055, 37.42938995361328, 37.429386138916016, 37.429378509521484, 37.42937469482422, 37.42937088012695, 37.42936325073242, 37.429359436035156, 37.42935562133789, 37.429351806640625, 37.429344177246094, 37.42934036254883, 37.42933654785156, 37.4293327331543, 37.429325103759766, 37.4293212890625, 37.429317474365234, 37.429317474365234, 37.429317474365234, 37.429317474365234, 37.429317474365234, 37.429317474365234, 37.4293212890625, 37.4293212890625, 37.4293212890625, 37.4293212890625, 37.4293212890625, 37.429325103759766, 37.429325103759766, 37.429325103759766, 37.429325103759766, 37.429325103759766, 37.429325103759766, 37.429325103759766, 37.42932891845703, 37.42932891845703, 37.42932891845703, 37.42932891845703, 37.42932891845703, 37.42932891845703, 37.42932891845703, 37.4293327331543, 37.42932891845703]}, "3": {"lngs": [-122.0829849243164, -122.0829849243164, -122.0829849243164, -122.0829849243164, -122.0829849243164, -122.0829849243164, -122.0829849243164, -122.0829849243164, -122.0829849243164, -122.0829849243164, -122.0829849243164, -122.0829849243164, -122.0829849243164, -122.0829849243164, -122.0829849243164, -122.0829849243164, -122.0829849243164, -122.0829849243164, -122.0829849243164, -122.0829849243164, -122.0829849243164, -122.0829849243164, -122.0829849243164, -122.0829849243164, -122.0829849243164, -122.0829849243164, -122.0829849243164, -122.0829849243164, -122.08297729492188, -122.08297729492188, -122.08296966552734, -122.08296203613281, -122.08295440673828, -122.08295440673828, -122.08294677734375, -122.08293914794922, -122.08293151855469, -122.08292388916016, -122.08292388916016, -122.08291625976562, -122.0829086303711, -122.08290100097656, -122.08290100097656, -122.08289337158203, -122.0828857421875, -122.08287811279297, -122.08287048339844, -122.08287048339844, -122.0828628540039, -122.08285522460938, -122.08284759521484, -122.08283996582031, -122.08283996582031, -122.08283233642578, -122.08282470703125, -122.08281707763672, -122.08281707763672, -122.08281707763672, -122.08281707763672, -122.08281707763672, -122.08281707763672, -122.08281707763672, -122.08281707763672, -122.08281707763672, -122.08281707763672, -122.08282470703125, -122.08282470703125, -122.08282470703125, -122.08282470703125, -122.08282470703125, -122.08282470703125, -122.08282470703125, -122.08282470703125, -122.08282470703125, -122.08282470703125, -122.08282470703125, -122.08282470703125, -122.08282470703125, -122.08283233642578, -122.08283233642578, -122.08283233642578, -122.08283233642578, -122.08283233642578, -122.08283233642578, -122.08283996582031, -122.08284759521484, -122.08285522460938, -122.08285522460938, -122.0828628540039, -122.08287048339844, -122.08287811279297, -122.08287811279297, -122.0828857421875, -122.08289337158203, -122.08290100097656, -122.0829086303711, -122.0829086303711, -122.08291625976562, -122.08292388916016, -122.08293151855469, -122.08293914794922, -122.08294677734375, -122.08295440673828, -122.08295440673828, -122.08296203613281, -122.08296966552734, -122.08297729492188, -122.0829849243164, -122.08299255371094, -122.08299255371094],